{
    "type": "minecraft:crafting_shapeless",
    "category": "equipment",
    "ingredients": [
        [
            "minecraft:compass"
        ],
        [
            "minecraft:cyan_dye"
        ]
    ],
    "result": {
        "id": "minecraft:compass",
        "components": {
            "minecraft:custom_data": {
                "rpl": true,
                "rpl_on": false,
                "rpl_color": 11
            },
            "minecraft:item_model": "rpl:off",
            "minecraft:custom_model_data": {
                "colors": [
                    [
                        0.0,
                        1.0,
                        1.0
                    ]
                ]
            },
            "minecraft:enchantment_glint_override": false,
            "minecraft:repair_cost": 2147483647,
            "minecraft:consumable": {
                "consume_seconds": 999999999,
                "animation": "none",
                "has_consume_particles": false
            },
            "minecraft:custom_name": "[{\"text\":\"Player Locator\",\"italic\":false}]",
            "minecraft:lore": [
                "[{\"text\":\"Icon color: \",\"italic\":false,\"color\":\"gray\"},{\"text\":\"Cyan\",\"italic\":false,\"color\":\"#00FFFF\"}]"
            ],
            "minecraft:max_stack_size": 1
        },
        "count": 1
    }
}