{
    "providers": [
        {
            "type": "bitmap",
            "file": "rpl:font/bar1.png",
            "ascent": 0,
            "height": 43,
            "chars": [
                "-"
            ]
        },
        {
            "type": "bitmap",
            "file": "rpl:font/bar2.png",
            "ascent": 0,
            "height": 43,
            "chars": [
                "="
            ]
        },
        {
            "type": "bitmap",
            "file": "rpl:font/bar3.png",
            "ascent": 0,
            "height": 43,
            "chars": [
                "+"
            ]
        },
        {
            "type": "bitmap",
            "file": "rpl:font/icon_up.png",
            "ascent": 0,
            "height": 48,
            "chars": [
                "1"
            ]
        },
        {
            "type": "bitmap",
            "file": "rpl:font/icon_down.png",
            "ascent": 0,
            "height": 48,
            "chars": [
                "2"
            ]
        },
        {
            "type": "bitmap",
            "file": "rpl:font/icon_offset.png",
            "ascent": 0,
            "height": 48,
            "chars": [
                "0"
            ]
        },
        {
            "type": "bitmap",
            "file": "rpl:font/white/9.png",
            "ascent": 0,
            "height": 48,
            "chars": [
                "\u1019"
            ]
        },
        {
            "type": "bitmap",
            "file": "rpl:font/white/8.png",
            "ascent": 0,
            "height": 48,
            "chars": [
                "\u1018"
            ]
        },
        {
            "type": "bitmap",
            "file": "rpl:font/white/7.png",
            "ascent": 0,
            "height": 48,
            "chars": [
                "\u1017"
            ]
        },
        {
            "type": "bitmap",
            "file": "rpl:font/white/6.png",
            "ascent": 0,
            "height": 48,
            "chars": [
                "\u1016"
            ]
        },
        {
            "type": "bitmap",
            "file": "rpl:font/white/5.png",
            "ascent": 0,
            "height": 48,
            "chars": [
                "\u1015"
            ]
        },
        {
            "type": "bitmap",
            "file": "rpl:font/white/4.png",
            "ascent": 0,
            "height": 48,
            "chars": [
                "\u1014"
            ]
        },
        {
            "type": "bitmap",
            "file": "rpl:font/white/3.png",
            "ascent": 0,
            "height": 48,
            "chars": [
                "\u1013"
            ]
        },
        {
            "type": "bitmap",
            "file": "rpl:font/white/2.png",
            "ascent": 0,
            "height": 48,
            "chars": [
                "\u1012"
            ]
        },
        {
            "type": "bitmap",
            "file": "rpl:font/white/1.png",
            "ascent": 0,
            "height": 48,
            "chars": [
                "\u1011"
            ]
        },
        {
            "type": "bitmap",
            "file": "rpl:font/light_gray/9.png",
            "ascent": 0,
            "height": 48,
            "chars": [
                "\u1029"
            ]
        },
        {
            "type": "bitmap",
            "file": "rpl:font/light_gray/8.png",
            "ascent": 0,
            "height": 48,
            "chars": [
                "\u1028"
            ]
        },
        {
            "type": "bitmap",
            "file": "rpl:font/light_gray/7.png",
            "ascent": 0,
            "height": 48,
            "chars": [
                "\u1027"
            ]
        },
        {
            "type": "bitmap",
            "file": "rpl:font/light_gray/6.png",
            "ascent": 0,
            "height": 48,
            "chars": [
                "\u1026"
            ]
        },
        {
            "type": "bitmap",
            "file": "rpl:font/light_gray/5.png",
            "ascent": 0,
            "height": 48,
            "chars": [
                "\u1025"
            ]
        },
        {
            "type": "bitmap",
            "file": "rpl:font/light_gray/4.png",
            "ascent": 0,
            "height": 48,
            "chars": [
                "\u1024"
            ]
        },
        {
            "type": "bitmap",
            "file": "rpl:font/light_gray/3.png",
            "ascent": 0,
            "height": 48,
            "chars": [
                "\u1023"
            ]
        },
        {
            "type": "bitmap",
            "file": "rpl:font/light_gray/2.png",
            "ascent": 0,
            "height": 48,
            "chars": [
                "\u1022"
            ]
        },
        {
            "type": "bitmap",
            "file": "rpl:font/light_gray/1.png",
            "ascent": 0,
            "height": 48,
            "chars": [
                "\u1021"
            ]
        },
        {
            "type": "bitmap",
            "file": "rpl:font/gray/9.png",
            "ascent": 0,
            "height": 48,
            "chars": [
                "\u1039"
            ]
        },
        {
            "type": "bitmap",
            "file": "rpl:font/gray/8.png",
            "ascent": 0,
            "height": 48,
            "chars": [
                "\u1038"
            ]
        },
        {
            "type": "bitmap",
            "file": "rpl:font/gray/7.png",
            "ascent": 0,
            "height": 48,
            "chars": [
                "\u1037"
            ]
        },
        {
            "type": "bitmap",
            "file": "rpl:font/gray/6.png",
            "ascent": 0,
            "height": 48,
            "chars": [
                "\u1036"
            ]
        },
        {
            "type": "bitmap",
            "file": "rpl:font/gray/5.png",
            "ascent": 0,
            "height": 48,
            "chars": [
                "\u1035"
            ]
        },
        {
            "type": "bitmap",
            "file": "rpl:font/gray/4.png",
            "ascent": 0,
            "height": 48,
            "chars": [
                "\u1034"
            ]
        },
        {
            "type": "bitmap",
            "file": "rpl:font/gray/3.png",
            "ascent": 0,
            "height": 48,
            "chars": [
                "\u1033"
            ]
        },
        {
            "type": "bitmap",
            "file": "rpl:font/gray/2.png",
            "ascent": 0,
            "height": 48,
            "chars": [
                "\u1032"
            ]
        },
        {
            "type": "bitmap",
            "file": "rpl:font/gray/1.png",
            "ascent": 0,
            "height": 48,
            "chars": [
                "\u1031"
            ]
        },
        {
            "type": "bitmap",
            "file": "rpl:font/black/9.png",
            "ascent": 0,
            "height": 48,
            "chars": [
                "\u1049"
            ]
        },
        {
            "type": "bitmap",
            "file": "rpl:font/black/8.png",
            "ascent": 0,
            "height": 48,
            "chars": [
                "\u1048"
            ]
        },
        {
            "type": "bitmap",
            "file": "rpl:font/black/7.png",
            "ascent": 0,
            "height": 48,
            "chars": [
                "\u1047"
            ]
        },
        {
            "type": "bitmap",
            "file": "rpl:font/black/6.png",
            "ascent": 0,
            "height": 48,
            "chars": [
                "\u1046"
            ]
        },
        {
            "type": "bitmap",
            "file": "rpl:font/black/5.png",
            "ascent": 0,
            "height": 48,
            "chars": [
                "\u1045"
            ]
        },
        {
            "type": "bitmap",
            "file": "rpl:font/black/4.png",
            "ascent": 0,
            "height": 48,
            "chars": [
                "\u1044"
            ]
        },
        {
            "type": "bitmap",
            "file": "rpl:font/black/3.png",
            "ascent": 0,
            "height": 48,
            "chars": [
                "\u1043"
            ]
        },
        {
            "type": "bitmap",
            "file": "rpl:font/black/2.png",
            "ascent": 0,
            "height": 48,
            "chars": [
                "\u1042"
            ]
        },
        {
            "type": "bitmap",
            "file": "rpl:font/black/1.png",
            "ascent": 0,
            "height": 48,
            "chars": [
                "\u1041"
            ]
        },
        {
            "type": "bitmap",
            "file": "rpl:font/brown/9.png",
            "ascent": 0,
            "height": 48,
            "chars": [
                "\u1059"
            ]
        },
        {
            "type": "bitmap",
            "file": "rpl:font/brown/8.png",
            "ascent": 0,
            "height": 48,
            "chars": [
                "\u1058"
            ]
        },
        {
            "type": "bitmap",
            "file": "rpl:font/brown/7.png",
            "ascent": 0,
            "height": 48,
            "chars": [
                "\u1057"
            ]
        },
        {
            "type": "bitmap",
            "file": "rpl:font/brown/6.png",
            "ascent": 0,
            "height": 48,
            "chars": [
                "\u1056"
            ]
        },
        {
            "type": "bitmap",
            "file": "rpl:font/brown/5.png",
            "ascent": 0,
            "height": 48,
            "chars": [
                "\u1055"
            ]
        },
        {
            "type": "bitmap",
            "file": "rpl:font/brown/4.png",
            "ascent": 0,
            "height": 48,
            "chars": [
                "\u1054"
            ]
        },
        {
            "type": "bitmap",
            "file": "rpl:font/brown/3.png",
            "ascent": 0,
            "height": 48,
            "chars": [
                "\u1053"
            ]
        },
        {
            "type": "bitmap",
            "file": "rpl:font/brown/2.png",
            "ascent": 0,
            "height": 48,
            "chars": [
                "\u1052"
            ]
        },
        {
            "type": "bitmap",
            "file": "rpl:font/brown/1.png",
            "ascent": 0,
            "height": 48,
            "chars": [
                "\u1051"
            ]
        },
        {
            "type": "bitmap",
            "file": "rpl:font/red/9.png",
            "ascent": 0,
            "height": 48,
            "chars": [
                "\u1069"
            ]
        },
        {
            "type": "bitmap",
            "file": "rpl:font/red/8.png",
            "ascent": 0,
            "height": 48,
            "chars": [
                "\u1068"
            ]
        },
        {
            "type": "bitmap",
            "file": "rpl:font/red/7.png",
            "ascent": 0,
            "height": 48,
            "chars": [
                "\u1067"
            ]
        },
        {
            "type": "bitmap",
            "file": "rpl:font/red/6.png",
            "ascent": 0,
            "height": 48,
            "chars": [
                "\u1066"
            ]
        },
        {
            "type": "bitmap",
            "file": "rpl:font/red/5.png",
            "ascent": 0,
            "height": 48,
            "chars": [
                "\u1065"
            ]
        },
        {
            "type": "bitmap",
            "file": "rpl:font/red/4.png",
            "ascent": 0,
            "height": 48,
            "chars": [
                "\u1064"
            ]
        },
        {
            "type": "bitmap",
            "file": "rpl:font/red/3.png",
            "ascent": 0,
            "height": 48,
            "chars": [
                "\u1063"
            ]
        },
        {
            "type": "bitmap",
            "file": "rpl:font/red/2.png",
            "ascent": 0,
            "height": 48,
            "chars": [
                "\u1062"
            ]
        },
        {
            "type": "bitmap",
            "file": "rpl:font/red/1.png",
            "ascent": 0,
            "height": 48,
            "chars": [
                "\u1061"
            ]
        },
        {
            "type": "bitmap",
            "file": "rpl:font/orange/9.png",
            "ascent": 0,
            "height": 48,
            "chars": [
                "\u1079"
            ]
        },
        {
            "type": "bitmap",
            "file": "rpl:font/orange/8.png",
            "ascent": 0,
            "height": 48,
            "chars": [
                "\u1078"
            ]
        },
        {
            "type": "bitmap",
            "file": "rpl:font/orange/7.png",
            "ascent": 0,
            "height": 48,
            "chars": [
                "\u1077"
            ]
        },
        {
            "type": "bitmap",
            "file": "rpl:font/orange/6.png",
            "ascent": 0,
            "height": 48,
            "chars": [
                "\u1076"
            ]
        },
        {
            "type": "bitmap",
            "file": "rpl:font/orange/5.png",
            "ascent": 0,
            "height": 48,
            "chars": [
                "\u1075"
            ]
        },
        {
            "type": "bitmap",
            "file": "rpl:font/orange/4.png",
            "ascent": 0,
            "height": 48,
            "chars": [
                "\u1074"
            ]
        },
        {
            "type": "bitmap",
            "file": "rpl:font/orange/3.png",
            "ascent": 0,
            "height": 48,
            "chars": [
                "\u1073"
            ]
        },
        {
            "type": "bitmap",
            "file": "rpl:font/orange/2.png",
            "ascent": 0,
            "height": 48,
            "chars": [
                "\u1072"
            ]
        },
        {
            "type": "bitmap",
            "file": "rpl:font/orange/1.png",
            "ascent": 0,
            "height": 48,
            "chars": [
                "\u1071"
            ]
        },
        {
            "type": "bitmap",
            "file": "rpl:font/yellow/9.png",
            "ascent": 0,
            "height": 48,
            "chars": [
                "\u1089"
            ]
        },
        {
            "type": "bitmap",
            "file": "rpl:font/yellow/8.png",
            "ascent": 0,
            "height": 48,
            "chars": [
                "\u1088"
            ]
        },
        {
            "type": "bitmap",
            "file": "rpl:font/yellow/7.png",
            "ascent": 0,
            "height": 48,
            "chars": [
                "\u1087"
            ]
        },
        {
            "type": "bitmap",
            "file": "rpl:font/yellow/6.png",
            "ascent": 0,
            "height": 48,
            "chars": [
                "\u1086"
            ]
        },
        {
            "type": "bitmap",
            "file": "rpl:font/yellow/5.png",
            "ascent": 0,
            "height": 48,
            "chars": [
                "\u1085"
            ]
        },
        {
            "type": "bitmap",
            "file": "rpl:font/yellow/4.png",
            "ascent": 0,
            "height": 48,
            "chars": [
                "\u1084"
            ]
        },
        {
            "type": "bitmap",
            "file": "rpl:font/yellow/3.png",
            "ascent": 0,
            "height": 48,
            "chars": [
                "\u1083"
            ]
        },
        {
            "type": "bitmap",
            "file": "rpl:font/yellow/2.png",
            "ascent": 0,
            "height": 48,
            "chars": [
                "\u1082"
            ]
        },
        {
            "type": "bitmap",
            "file": "rpl:font/yellow/1.png",
            "ascent": 0,
            "height": 48,
            "chars": [
                "\u1081"
            ]
        },
        {
            "type": "bitmap",
            "file": "rpl:font/lime/9.png",
            "ascent": 0,
            "height": 48,
            "chars": [
                "\u1099"
            ]
        },
        {
            "type": "bitmap",
            "file": "rpl:font/lime/8.png",
            "ascent": 0,
            "height": 48,
            "chars": [
                "\u1098"
            ]
        },
        {
            "type": "bitmap",
            "file": "rpl:font/lime/7.png",
            "ascent": 0,
            "height": 48,
            "chars": [
                "\u1097"
            ]
        },
        {
            "type": "bitmap",
            "file": "rpl:font/lime/6.png",
            "ascent": 0,
            "height": 48,
            "chars": [
                "\u1096"
            ]
        },
        {
            "type": "bitmap",
            "file": "rpl:font/lime/5.png",
            "ascent": 0,
            "height": 48,
            "chars": [
                "\u1095"
            ]
        },
        {
            "type": "bitmap",
            "file": "rpl:font/lime/4.png",
            "ascent": 0,
            "height": 48,
            "chars": [
                "\u1094"
            ]
        },
        {
            "type": "bitmap",
            "file": "rpl:font/lime/3.png",
            "ascent": 0,
            "height": 48,
            "chars": [
                "\u1093"
            ]
        },
        {
            "type": "bitmap",
            "file": "rpl:font/lime/2.png",
            "ascent": 0,
            "height": 48,
            "chars": [
                "\u1092"
            ]
        },
        {
            "type": "bitmap",
            "file": "rpl:font/lime/1.png",
            "ascent": 0,
            "height": 48,
            "chars": [
                "\u1091"
            ]
        },
        {
            "type": "bitmap",
            "file": "rpl:font/green/9.png",
            "ascent": 0,
            "height": 48,
            "chars": [
                "\u1109"
            ]
        },
        {
            "type": "bitmap",
            "file": "rpl:font/green/8.png",
            "ascent": 0,
            "height": 48,
            "chars": [
                "\u1108"
            ]
        },
        {
            "type": "bitmap",
            "file": "rpl:font/green/7.png",
            "ascent": 0,
            "height": 48,
            "chars": [
                "\u1107"
            ]
        },
        {
            "type": "bitmap",
            "file": "rpl:font/green/6.png",
            "ascent": 0,
            "height": 48,
            "chars": [
                "\u1106"
            ]
        },
        {
            "type": "bitmap",
            "file": "rpl:font/green/5.png",
            "ascent": 0,
            "height": 48,
            "chars": [
                "\u1105"
            ]
        },
        {
            "type": "bitmap",
            "file": "rpl:font/green/4.png",
            "ascent": 0,
            "height": 48,
            "chars": [
                "\u1104"
            ]
        },
        {
            "type": "bitmap",
            "file": "rpl:font/green/3.png",
            "ascent": 0,
            "height": 48,
            "chars": [
                "\u1103"
            ]
        },
        {
            "type": "bitmap",
            "file": "rpl:font/green/2.png",
            "ascent": 0,
            "height": 48,
            "chars": [
                "\u1102"
            ]
        },
        {
            "type": "bitmap",
            "file": "rpl:font/green/1.png",
            "ascent": 0,
            "height": 48,
            "chars": [
                "\u1101"
            ]
        },
        {
            "type": "bitmap",
            "file": "rpl:font/cyan/9.png",
            "ascent": 0,
            "height": 48,
            "chars": [
                "\u1119"
            ]
        },
        {
            "type": "bitmap",
            "file": "rpl:font/cyan/8.png",
            "ascent": 0,
            "height": 48,
            "chars": [
                "\u1118"
            ]
        },
        {
            "type": "bitmap",
            "file": "rpl:font/cyan/7.png",
            "ascent": 0,
            "height": 48,
            "chars": [
                "\u1117"
            ]
        },
        {
            "type": "bitmap",
            "file": "rpl:font/cyan/6.png",
            "ascent": 0,
            "height": 48,
            "chars": [
                "\u1116"
            ]
        },
        {
            "type": "bitmap",
            "file": "rpl:font/cyan/5.png",
            "ascent": 0,
            "height": 48,
            "chars": [
                "\u1115"
            ]
        },
        {
            "type": "bitmap",
            "file": "rpl:font/cyan/4.png",
            "ascent": 0,
            "height": 48,
            "chars": [
                "\u1114"
            ]
        },
        {
            "type": "bitmap",
            "file": "rpl:font/cyan/3.png",
            "ascent": 0,
            "height": 48,
            "chars": [
                "\u1113"
            ]
        },
        {
            "type": "bitmap",
            "file": "rpl:font/cyan/2.png",
            "ascent": 0,
            "height": 48,
            "chars": [
                "\u1112"
            ]
        },
        {
            "type": "bitmap",
            "file": "rpl:font/cyan/1.png",
            "ascent": 0,
            "height": 48,
            "chars": [
                "\u1111"
            ]
        },
        {
            "type": "bitmap",
            "file": "rpl:font/light_blue/9.png",
            "ascent": 0,
            "height": 48,
            "chars": [
                "\u1129"
            ]
        },
        {
            "type": "bitmap",
            "file": "rpl:font/light_blue/8.png",
            "ascent": 0,
            "height": 48,
            "chars": [
                "\u1128"
            ]
        },
        {
            "type": "bitmap",
            "file": "rpl:font/light_blue/7.png",
            "ascent": 0,
            "height": 48,
            "chars": [
                "\u1127"
            ]
        },
        {
            "type": "bitmap",
            "file": "rpl:font/light_blue/6.png",
            "ascent": 0,
            "height": 48,
            "chars": [
                "\u1126"
            ]
        },
        {
            "type": "bitmap",
            "file": "rpl:font/light_blue/5.png",
            "ascent": 0,
            "height": 48,
            "chars": [
                "\u1125"
            ]
        },
        {
            "type": "bitmap",
            "file": "rpl:font/light_blue/4.png",
            "ascent": 0,
            "height": 48,
            "chars": [
                "\u1124"
            ]
        },
        {
            "type": "bitmap",
            "file": "rpl:font/light_blue/3.png",
            "ascent": 0,
            "height": 48,
            "chars": [
                "\u1123"
            ]
        },
        {
            "type": "bitmap",
            "file": "rpl:font/light_blue/2.png",
            "ascent": 0,
            "height": 48,
            "chars": [
                "\u1122"
            ]
        },
        {
            "type": "bitmap",
            "file": "rpl:font/light_blue/1.png",
            "ascent": 0,
            "height": 48,
            "chars": [
                "\u1121"
            ]
        },
        {
            "type": "bitmap",
            "file": "rpl:font/blue/9.png",
            "ascent": 0,
            "height": 48,
            "chars": [
                "\u1139"
            ]
        },
        {
            "type": "bitmap",
            "file": "rpl:font/blue/8.png",
            "ascent": 0,
            "height": 48,
            "chars": [
                "\u1138"
            ]
        },
        {
            "type": "bitmap",
            "file": "rpl:font/blue/7.png",
            "ascent": 0,
            "height": 48,
            "chars": [
                "\u1137"
            ]
        },
        {
            "type": "bitmap",
            "file": "rpl:font/blue/6.png",
            "ascent": 0,
            "height": 48,
            "chars": [
                "\u1136"
            ]
        },
        {
            "type": "bitmap",
            "file": "rpl:font/blue/5.png",
            "ascent": 0,
            "height": 48,
            "chars": [
                "\u1135"
            ]
        },
        {
            "type": "bitmap",
            "file": "rpl:font/blue/4.png",
            "ascent": 0,
            "height": 48,
            "chars": [
                "\u1134"
            ]
        },
        {
            "type": "bitmap",
            "file": "rpl:font/blue/3.png",
            "ascent": 0,
            "height": 48,
            "chars": [
                "\u1133"
            ]
        },
        {
            "type": "bitmap",
            "file": "rpl:font/blue/2.png",
            "ascent": 0,
            "height": 48,
            "chars": [
                "\u1132"
            ]
        },
        {
            "type": "bitmap",
            "file": "rpl:font/blue/1.png",
            "ascent": 0,
            "height": 48,
            "chars": [
                "\u1131"
            ]
        },
        {
            "type": "bitmap",
            "file": "rpl:font/purple/9.png",
            "ascent": 0,
            "height": 48,
            "chars": [
                "\u1149"
            ]
        },
        {
            "type": "bitmap",
            "file": "rpl:font/purple/8.png",
            "ascent": 0,
            "height": 48,
            "chars": [
                "\u1148"
            ]
        },
        {
            "type": "bitmap",
            "file": "rpl:font/purple/7.png",
            "ascent": 0,
            "height": 48,
            "chars": [
                "\u1147"
            ]
        },
        {
            "type": "bitmap",
            "file": "rpl:font/purple/6.png",
            "ascent": 0,
            "height": 48,
            "chars": [
                "\u1146"
            ]
        },
        {
            "type": "bitmap",
            "file": "rpl:font/purple/5.png",
            "ascent": 0,
            "height": 48,
            "chars": [
                "\u1145"
            ]
        },
        {
            "type": "bitmap",
            "file": "rpl:font/purple/4.png",
            "ascent": 0,
            "height": 48,
            "chars": [
                "\u1144"
            ]
        },
        {
            "type": "bitmap",
            "file": "rpl:font/purple/3.png",
            "ascent": 0,
            "height": 48,
            "chars": [
                "\u1143"
            ]
        },
        {
            "type": "bitmap",
            "file": "rpl:font/purple/2.png",
            "ascent": 0,
            "height": 48,
            "chars": [
                "\u1142"
            ]
        },
        {
            "type": "bitmap",
            "file": "rpl:font/purple/1.png",
            "ascent": 0,
            "height": 48,
            "chars": [
                "\u1141"
            ]
        },
        {
            "type": "bitmap",
            "file": "rpl:font/magenta/9.png",
            "ascent": 0,
            "height": 48,
            "chars": [
                "\u1159"
            ]
        },
        {
            "type": "bitmap",
            "file": "rpl:font/magenta/8.png",
            "ascent": 0,
            "height": 48,
            "chars": [
                "\u1158"
            ]
        },
        {
            "type": "bitmap",
            "file": "rpl:font/magenta/7.png",
            "ascent": 0,
            "height": 48,
            "chars": [
                "\u1157"
            ]
        },
        {
            "type": "bitmap",
            "file": "rpl:font/magenta/6.png",
            "ascent": 0,
            "height": 48,
            "chars": [
                "\u1156"
            ]
        },
        {
            "type": "bitmap",
            "file": "rpl:font/magenta/5.png",
            "ascent": 0,
            "height": 48,
            "chars": [
                "\u1155"
            ]
        },
        {
            "type": "bitmap",
            "file": "rpl:font/magenta/4.png",
            "ascent": 0,
            "height": 48,
            "chars": [
                "\u1154"
            ]
        },
        {
            "type": "bitmap",
            "file": "rpl:font/magenta/3.png",
            "ascent": 0,
            "height": 48,
            "chars": [
                "\u1153"
            ]
        },
        {
            "type": "bitmap",
            "file": "rpl:font/magenta/2.png",
            "ascent": 0,
            "height": 48,
            "chars": [
                "\u1152"
            ]
        },
        {
            "type": "bitmap",
            "file": "rpl:font/magenta/1.png",
            "ascent": 0,
            "height": 48,
            "chars": [
                "\u1151"
            ]
        },
        {
            "type": "bitmap",
            "file": "rpl:font/pink/9.png",
            "ascent": 0,
            "height": 48,
            "chars": [
                "\u1169"
            ]
        },
        {
            "type": "bitmap",
            "file": "rpl:font/pink/8.png",
            "ascent": 0,
            "height": 48,
            "chars": [
                "\u1168"
            ]
        },
        {
            "type": "bitmap",
            "file": "rpl:font/pink/7.png",
            "ascent": 0,
            "height": 48,
            "chars": [
                "\u1167"
            ]
        },
        {
            "type": "bitmap",
            "file": "rpl:font/pink/6.png",
            "ascent": 0,
            "height": 48,
            "chars": [
                "\u1166"
            ]
        },
        {
            "type": "bitmap",
            "file": "rpl:font/pink/5.png",
            "ascent": 0,
            "height": 48,
            "chars": [
                "\u1165"
            ]
        },
        {
            "type": "bitmap",
            "file": "rpl:font/pink/4.png",
            "ascent": 0,
            "height": 48,
            "chars": [
                "\u1164"
            ]
        },
        {
            "type": "bitmap",
            "file": "rpl:font/pink/3.png",
            "ascent": 0,
            "height": 48,
            "chars": [
                "\u1163"
            ]
        },
        {
            "type": "bitmap",
            "file": "rpl:font/pink/2.png",
            "ascent": 0,
            "height": 48,
            "chars": [
                "\u1162"
            ]
        },
        {
            "type": "bitmap",
            "file": "rpl:font/pink/1.png",
            "ascent": 0,
            "height": 48,
            "chars": [
                "\u1161"
            ]
        }
    ]
}
